record_id,canonical_id,label,pred_label,correct,title,abstract,text_mode,decision_score
art_0160370286c4,doi:10.1007/978-3-031-26438-2_20,1,1,True,Privacy-Enhanced ZKP-Inspired Framework for Balanced Federated Learning,"Abstract Federated learning (FL) is a distributed machine learning approach that enables remote devices i.e. workers to collaborate to compute the fitting of a neural network model without sharing their data. While this method is favorable to ensure data privacy, an imbalanced data distribution can introduce unfairness in the model training, causing discriminatory bias towards certain under-represented groups. In this paper, we show that imbalance federated data decreases indexes of equity i.e. differences in treatment for underrepresented classes. To address the problem, we propose a federated learning framework called Z-Fed that 1) balances the training without exchange of privacy protected data using a zero knowledge proof (ZKP) technique, and 2) allows for the collection of information on data distributions based on one or more categorical features to produce metadata about population proportions. The proposed framework infers the precise data distribution without exchanging knowledge of the data categories and uses it to coordinate a balanced training set. Z-Fed aims to mitigate the effect of imbalanced data in FL while respecting privacy and without using mediators or probabilistic approaches. Compared to a non-balanced framework, Z-Fed improves fairness and equality measured in equal opportunities (EPD) by 53.54%, equal odds (EOD) by 56.41%, and statistical parity (SPD) by 46.1% on imbalanced UTK datasets, reducing biased predictions among subgroups. EPD, EOD, and SPD measure the disparity of treatment between privileged e.g. over-represented and non-privileged groups. Given the results obtained, Z-Fed can reduce discriminatory behaviors and enhance trustworthiness of federated learning.",title_abstract,0.9520248489218169
art_02ad0fcd4c9e,hash:02ad0fcd4c9e,0,0,True,The C Programming Language,,title_abstract,-0.9868407811103661
art_0500bf582260,doi:10.48550/arxiv.1312.7651,0,0,True,Petuum: A New Platform for Distributed Machine Learning on Big Data,"What is a systematic way to efficiently apply a wide spectrum of advanced ML programs to industrial scale problems, using Big Models (up to 100s of billions of parameters) on Big Data (up to terabytes or petabytes)? Modern parallelization strategies employ fine-grained operations and scheduling beyond the classic bulk-synchronous processing paradigm popularized by MapReduce, or even specialized graph-based execution that relies on graph representations of ML programs. The variety of approaches tends to pull systems and algorithms design in different directions, and it remains difficult to find a universal platform applicable to a wide range of ML programs at scale. We propose a general-purpose framework that systematically addresses data- and model-parallel challenges in large-scale ML, by observing that many ML programs are fundamentally optimization-centric and admit error-tolerant, iterative-convergent algorithmic solutions. This presents unique opportunities for an integrative system design, such as bounded-error network synchronization and dynamic scheduling based on ML program structure. We demonstrate the efficacy of these system designs versus well-known implementations of modern ML algorithms, allowing ML programs to run in much less time and at considerably larger model sizes, even on modestly-sized compute clusters.",title_abstract,-0.5254578475363096
art_05e407d6fcae,hash:05e407d6fcae,0,0,True,Local SGD Converges Fast and Communicates Little,,title_abstract,-0.9041758873827375
art_075a214d4529,hash:075a214d4529,0,0,True,The Selfish Gene,,title_abstract,-1.061682385867724
art_09975916b63f,hash:d1ce7d682c4a,0,0,True,The Probabilistic Relevance Framework: BM25 and Beyond,,title_abstract,-0.9248782879822344
art_0d1d76989b21,hash:0dc4a70c1d64,0,0,True,SURF: Speeded Up Robust Features,,title_abstract,-0.9835369038977746
art_0dc32d476485,hash:7a0ae3932c9f,0,0,True,Tor: The Second-Generation Onion Router,,title_abstract,-0.9363018423986263
art_11b4d26b0d69,hash:11b4d26b0d69,0,0,True,Reciprocal Rank Fusion Outperforms Condorcet and Individual Rank Learning Methods,,title_abstract,-0.8413998122302879
art_12c4677ae298,hash:5d4e32e0eb01,0,0,True,Bowling Alone: America's Declining Social Capital,,title_abstract,-1.064596885450625
art_13536e655e4b,hash:dd74215c74d4,0,0,True,QuickCheck: A Lightweight Tool for Random Testing of Haskell Programs,,title_abstract,-1.0041798861520226
art_13eda9f03c9d,hash:9fe30562342c,0,0,True,MXNet: A Flexible and Efficient Machine Learning Library for Heterogeneous Distributed Systems,,title_abstract,-0.8435995239528192
art_142483a8ab6b,hash:cb26c243c7fd,0,0,True,Flash-Friendly File System (F2FS): A New File System for Flash Storage,,title_abstract,-1.0252778147959405
art_152d4597de0c,hash:152d4597de0c,0,0,True,The Sybil Attack,,title_abstract,-0.9919016901186679
art_16e1bd11a173,hash:16e1bd11a173,0,0,True,Delta Debugging,,title_abstract,-0.968699037640199
art_18723f6c4874,hash:18723f6c4874,0,0,True,The OpenCV Library,,title_abstract,-1.0045863161196322
art_18749dfce6fc,hash:a25687240446,0,0,True,SplitFed: When Federated Learning Meets Split Learning,,title_abstract,-0.6629521374972618
art_19b974fb47cf,doi:10.1109/tnse.2022.3168025,1,1,True,A Blockchain-Empowered Federated Learning in Healthcare-Based Cyber Physical Systems,"With the rapid development of healthcare-based cyber physical systems (CPSs), more and more healthcare data is collected from clinical institutions or hospitals. Due to the private and fragmented nature, healthcare data is quite suitable to be processed by federated learning (FL) paradigm, where a shared global model is aggregated by a central server while keeping the sensitive healthcare data in local hospitals. However, there are two practical issues: (1) the centralized FL server may not honestly aggregate the final model, and (2) the FL participants lack incentive to contribute their efforts. In this study, we propose a blockchain-empowered FL framework for healthcare-based CPSs. A distributed ledger is maintained by a task agreement committee which is composed by the representators of the hospitals who execute FL tasks. A secure FL task model training-based consensus process is proposed to generate consistent blocks. Furthermore, a contribution point-based incentive mechanism is designed to fairly reward FL participators for contributing their local data. We evaluate the proposed system base on real healthcare data and the numerical results demonstrate its effectiveness in achieving FL model aggregation truthfulness and efficiency in providing incentives for FL participants.",title_abstract,0.9558195332203451
art_1a67869e50aa,hash:3e845e276f95,0,0,True,Spanner: Google's Globally-Distributed Database,,title_abstract,-0.9519349567687267
art_1ca528ffad9b,hash:1ca528ffad9b,0,0,True,The Google File System,,title_abstract,-0.9992091613122963
art_1e072753cd04,hash:cb23d5974846,0,0,True,AdaGrad: Adaptive Subgradient Methods for Online Learning and Stochastic Optimization,,title_abstract,-0.8685360083411372
art_2076edd18748,hash:11cc7ec51656,0,0,True,Halo: Recursive Proof Composition without a Trusted Setup,,title_abstract,-0.9155325020723162
art_209c4bd65604,hash:209c4bd65604,0,0,True,On the Origin of Species by Means of Natural Selection,,title_abstract,-0.7993241268355971
art_2164b5240c0e,hash:2164b5240c0e,0,0,True,Practical Byzantine Fault Tolerance,,title_abstract,-1.032188696209912
art_216830f0b461,hash:2ef629971ad5,0,0,True,Algorand: Scaling Byzantine Agreements for Cryptocurrencies,,title_abstract,-0.9201133637724159
art_21ca9cf74e5e,hash:962f8a87f734,0,0,True,Practical Secure Aggregation for Privacy-Preserving Machine Learning,,title_abstract,-0.6533492417283316
art_2423c17094bf,hash:fafe282b881c,0,0,True,"You Only Look Once: Unified, Real-Time Object Detection",,title_abstract,-0.9534862163272255
art_26d357b5a1c5,hash:66eb5be51309,0,0,True,Reinforcement Learning: An Introduction,,title_abstract,-0.8881223616853975
art_28c52ed76f14,hash:6a8ffef029f1,0,0,True,Bigtable: A Distributed Storage System for Structured Data,,title_abstract,-0.9059625605292894
art_2a9108d5df46,hash:a1575afadaaa,0,0,True,ABY3: A Mixed Protocol Framework for Machine Learning,,title_abstract,-0.7788590972531175
art_2c70fbf1f1be,hash:23f7b91fba46,0,0,True,Chainspace: A Sharded Smart Contracts Platform,,title_abstract,-0.9309003034071178
art_2d2cb9c06523,hash:2411609e5319,0,0,True,Adam: A Method for Stochastic Optimization,,title_abstract,-0.9989630857159091
art_2d96bf3c42e5,hash:2d96bf3c42e5,0,0,True,Congestion Avoidance and Control,,title_abstract,-0.9973232322139802
art_2efbb5f24fc9,hash:96d0fa6bf597,1,1,True,Poster: a reliable and accountable privacy preserving federated learning framework using the blockchain,,title_abstract,0.8066292614155702
art_31cd3f04c577,doi:10.1109/tbdata.2024.3403370,1,1,True,zkFL: Zero-Knowledge Proof-Based Gradient Aggregation for Federated Learning,"Federated learning (FL) is a machine learning paradigm, which enables multiple and decentralized clients to collaboratively train a model under the orchestration of a central aggregator. FL can be a scalable machine learning solution in <italic xmlns:mml=""http://www.w3.org/1998/Math/MathML"" xmlns:xlink=""http://www.w3.org/1999/xlink"">big data</i> scenarios. Traditional FL relies on the trust assumption of the central aggregator, which forms cohorts of clients honestly. However, a malicious aggregator, in reality, could abandon and replace the client's training models, or insert fake clients, to manipulate the final training results. In this work, we introduce <monospace xmlns:mml=""http://www.w3.org/1998/Math/MathML"" xmlns:xlink=""http://www.w3.org/1999/xlink"">zkFL</monospace> , which leverages zero-knowledge proofs to tackle the issue of a malicious aggregator during the training model aggregation process. To guarantee the correct aggregation results, the aggregator provides a proof per round, demonstrating to the clients that the aggregator executes the intended behavior faithfully. To further reduce the verification cost of clients, we use blockchain to handle the proof in a zero-knowledge way, where miners ( <italic xmlns:mml=""http://www.w3.org/1998/Math/MathML"" xmlns:xlink=""http://www.w3.org/1999/xlink"">i.e.</i> , the participants validating and maintaining the blockchain data) can verify the proof without knowing the clients' local and aggregated models. The theoretical analysis and empirical results show that <monospace xmlns:mml=""http://www.w3.org/1998/Math/MathML"" xmlns:xlink=""http://www.w3.org/1999/xlink"">zkFL</monospace> achieves better security and privacy than traditional FL, without modifying the underlying FL network structure or heavily compromising the training speed.",title_abstract,0.9088529250972105
art_334bb0e37220,doi:10.1186/s40537-025-01099-5,1,1,True,Adapting security and decentralized knowledge enhancement in federated learning using blockchain technology: literature review,"Abstract Federated Learning (FL) is a promising form of distributed machine learning that preserves privacy by training models locally without sharing raw data. While FL ensures data privacy through collaborative learning, it faces several critical challenges. These include vulnerabilities to reverse engineering, risks to model architecture privacy, susceptibility to model poisoning attacks, threats to data integrity, and the high costs associated with communication and connectivity. This paper presents a comprehensive review of FL, categorizing data partitioning formats into horizontal federated learning, vertical federated learning, and federated transfer learning. Furthermore, it explores the integration of FL with blockchain, leveraging blockchain’s decentralized nature to enhance FL’s security, reliability, and performance. The study reviews existing FL models, identifying key challenges such as privacy risks, communication overhead, model poisoning vulnerabilities, and ethical dilemmas. It evaluates privacy-preserving mechanisms and security strategies in FL, particularly those enabled by blockchain, such as cryptographic methods, decentralized consensus protocols, and tamper-proof data logging. Additionally, the research analyzes regulatory and ethical considerations for adopting blockchain-based FL solutions. Key findings highlight the effectiveness of blockchain in addressing FL challenges, particularly in mitigating model poisoning, ensuring data integrity, and reducing communication costs. The paper concludes with future directions for integrating blockchain and FL, emphasizing areas such as interoperability, lightweight consensus mechanisms, and regulatory compliance.",title_abstract,0.943929836749286
art_352cb5a0dca3,doi:10.48550/arxiv.2007.13585,1,1,True,VFL: A Verifiable Federated Learning with Privacy-Preserving for Big Data in Industrial IoT,"Due to the strong analytical ability of big data, deep learning has been widely applied to train the collected data in industrial IoT. However, for privacy issues, traditional data-gathering centralized learning is not applicable to industrial scenarios sensitive to training sets. Recently, federated learning has received widespread attention, since it trains a model by only relying on gradient aggregation without accessing training sets. But existing researches reveal that the shared gradient still retains the sensitive information of the training set. Even worse, a malicious aggregation server may return forged aggregated gradients. In this paper, we propose the VFL, verifiable federated learning with privacy-preserving for big data in industrial IoT. Specifically, we use Lagrange interpolation to elaborately set interpolation points for verifying the correctness of the aggregated gradients. Compared with existing schemes, the verification overhead of VFL remains constant regardless of the number of participants. Moreover, we employ the blinding technology to protect the privacy of the gradients submitted by the participants. If no more than n-2 of n participants collude with the aggregation server, VFL could guarantee the encrypted gradients of other participants not being inverted. Experimental evaluations corroborate the practical performance of the presented VFL framework with high accuracy and efficiency.",title_abstract,0.8779766309061182
art_36b4e2eb6a60,doi:10.1016/j.bcra.2024.100264,1,1,True,Unlocking potential of open source model training in decentralized federated learning environment,"The field of artificial intelligence (AI) is rapidly evolving, creating a demand for sophisticated models that rely on substantial data and computational resources for training. However, the high costs associated with training these models have limited accessibility, leading to concerns about transparency, biases, and hidden agendas within AI systems. As AI becomes more integrated into governmental services and the pursuit of Artificial General Intelligence (AGI) advances, the necessity for transparent and reliable AI models becomes increasingly critical. Decentralized Federated Learning (DFL) offers decentralized approaches to model training while safeguarding data privacy and ensuring resilience against adversarial participants. Nonetheless, guarantees provided are not absolute, and even open weights AI models do not qualify as truly open source. This paper suggests utilizing blockchain technology, smart contracts, and publicly verifiable secret sharing in DFL environments to bolster trust, cooperation, and transparency in model training processes. Our numerical experiments illustrate that the overhead required to offer robust assurances to all peers regarding the correctness of the training process is relatively small. By incorporating these tools, participants can trust that trained models adhere to specified procedures, addressing accountability issues within AI systems and promoting the development of more ethical and dependable applications of artificial intelligence.",title_abstract,0.8632633408909142
art_375f68aae24b,doi:10.48550/arxiv.2010.07427,1,1,True,BlockFLA: Accountable Federated Learning via Hybrid Blockchain Architecture,"Federated Learning (FL) is a distributed, and decentralized machine learning protocol. By executing FL, a set of agents can jointly train a model without sharing their datasets with each other, or a third-party. This makes FL particularly suitable for settings where data privacy is desired. At the same time, concealing training data gives attackers an opportunity to inject backdoors into the trained model. It has been shown that an attacker can inject backdoors to the trained model during FL, and then can leverage the backdoor to make the model misclassify later. Several works tried to alleviate this threat by designing robust aggregation functions. However, given more sophisticated attacks are developed over time, which by-pass the existing defenses, we approach this problem from a complementary angle in this work. Particularly, we aim to discourage backdoor attacks by detecting, and punishing the attackers, possibly after the end of training phase. To this end, we develop a hybrid blockchain-based FL framework that uses smart contracts to automatically detect, and punish the attackers via monetary penalties. Our framework is general in the sense that, any aggregation function, and any attacker detection algorithm can be plugged into it. We conduct experiments to demonstrate that our framework preserves the communication-efficient nature of FL, and provide empirical results to illustrate that it can successfully penalize attackers by leveraging our novel attacker detection algorithm.",title_abstract,0.9530446292276774
art_37f63852cdfb,hash:37f63852cdfb,0,0,True,Attention Is All You Need,,title_abstract,-0.8698483452208088
art_3834529b0e6f,hash:158f3d946753,0,0,True,The Corda Platform: An Introduction,,title_abstract,-1.101260841955309
art_38536df7b8f1,hash:d76c5669b6a5,0,0,True,PageRank: Bringing Order to the Web,,title_abstract,-0.8611911505385532
art_386245a61264,doi:10.48550/arxiv.2008.04743,1,1,True,Scalable and Communication-efficient Decentralized Federated Edge Learning with Multi-blockchain Framework,"The emerging Federated Edge Learning (FEL) technique has drawn considerable attention, which not only ensures good machine learning performance but also solves ""data island"" problems caused by data privacy concerns. However, large-scale FEL still faces following crucial challenges: (i) there lacks a secure and communication-efficient model training scheme for FEL; (2) there is no scalable and flexible FEL framework for updating local models and global model sharing (trading) management. To bridge the gaps, we first propose a blockchain-empowered secure FEL system with a hierarchical blockchain framework consisting of a main chain and subchains. This framework can achieve scalable and flexible decentralized FEL by individually manage local model updates or model sharing records for performance isolation. A Proof-of-Verifying consensus scheme is then designed to remove low-quality model updates and manage qualified model updates in a decentralized and secure manner, thereby achieving secure FEL. To improve communication efficiency of the blockchain-empowered FEL, a gradient compression scheme is designed to generate sparse but important gradients to reduce communication overhead without compromising accuracy, and also further strengthen privacy preservation of training data. The security analysis and numerical results indicate that the proposed schemes can achieve secure, scalable, and communication-efficient decentralized FEL.",title_abstract,0.8998921060398942
art_3b109f4adb3e,hash:3b109f4adb3e,0,0,True,An Economic Theory of Democracy,,title_abstract,-1.0217570052109242
art_3b7a75892c2d,hash:342c0acf3521,0,0,True,Lucas-Kanade 20 Years On: A Unifying Framework,,title_abstract,-0.8931785844370119
art_3cbee50dd193,hash:0e9d3994602e,0,0,True,Chord: A Scalable Peer-to-peer Lookup Service for Internet Applications,,title_abstract,-1.0057507680779538
art_3e2f0b7bc8ae,doi:10.48550/arxiv.2009.02643,1,1,True,Blockchain-based Federated Learning for Device Failure Detection in Industrial IoT,"Device failure detection is one of most essential problems in industrial internet of things (IIoT). However, in conventional IIoT device failure detection, client devices need to upload raw data to the central server for model training, which might lead to disclosure of sensitive business data. Therefore, in this paper, to ensure client data privacy, we propose a blockchain-based federated learning approach for device failure detection in IIoT. First, we present a platform architecture of blockchain-based federated learning systems for failure detection in IIoT, which enables verifiable integrity of client data. In the architecture, each client periodically creates a Merkle tree in which each leaf node represents a client data record, and stores the tree root on a blockchain. Further, to address the data heterogeneity issue in IIoT failure detection, we propose a novel centroid distance weighted federated averaging (CDW\_FedAvg) algorithm taking into account the distance between positive class and negative class of each client dataset. In addition, to motivate clients to participate in federated learning, a smart contact based incentive mechanism is designed depending on the size and the centroid distance of client data used in local model training. A prototype of the proposed architecture is implemented with our industry partner, and evaluated in terms of feasibility, accuracy and performance. The results show that the approach is feasible, and has satisfactory accuracy and performance.",title_abstract,0.9841804119000565
art_3f2ce954ce64,hash:3f2ce954ce64,0,0,True,Pattern Recognition and Machine Learning,,title_abstract,-0.8310403382902566
art_3f3aeb6e2d39,doi:10.1007/s00500-021-06496-5,1,1,True,Blockchain for federated learning toward secure distributed machine learning systems: a systemic survey,,title_abstract,0.7747919077448983
art_4114356d3906,hash:4114356d3906,0,0,True,The Honey Badger of BFT Protocols,,title_abstract,-1.0108097886825913
art_46382eafeffb,hash:9b8c3fc398f1,0,0,True,Poseidon: An Efficient Communication Architecture for Distributed Deep Learning on GPU Clusters,,title_abstract,-0.9495765081318376
art_47b599653f30,doi:10.48550/arxiv.1311.0243,0,0,True,Majority is not Enough: Bitcoin Mining is Vulnerable,"The Bitcoin cryptocurrency records its transactions in a public log called the blockchain. Its security rests critically on the distributed protocol that maintains the blockchain, run by participants called miners. Conventional wisdom asserts that the protocol is incentive-compatible and secure against colluding minority groups, i.e., it incentivizes miners to follow the protocol as prescribed. We show that the Bitcoin protocol is not incentive-compatible. We present an attack with which colluding miners obtain a revenue larger than their fair share. This attack can have significant consequences for Bitcoin: Rational miners will prefer to join the selfish miners, and the colluding group will increase in size until it becomes a majority. At this point, the Bitcoin system ceases to be a decentralized currency. Selfish mining is feasible for any group size of colluding miners. We propose a practical modification to the Bitcoin protocol that protects against selfish mining pools that command less than 1/4 of the resources. This threshold is lower than the wrongly assumed 1/2 bound, but better than the current reality where a group of any size can compromise the system.",title_abstract,-0.51563230830335
art_49b3f30cae39,hash:49b3f30cae39,0,0,True,Orientalism,,title_abstract,-0.968699037640199
art_4b20aeea9365,hash:4b20aeea9365,0,0,True,A Theory of Human Motivation,,title_abstract,-1.0109150701876375
art_4d35846c31eb,hash:4d35846c31eb,0,0,True,The Hallmarks of Cancer,,title_abstract,-0.9909132722173954
art_4d771edc6652,hash:4d771edc6652,0,0,True,The Elements of Statistical Learning,,title_abstract,-0.9049826010341737
art_5070520e533d,hash:18e1164a5798,0,0,True,SecureML: A System for Scalable Privacy-Preserving Machine Learning,,title_abstract,-0.739142662910848
art_54b3d3d0c651,hash:4b50614dc0df,0,0,True,Marching Cubes: A High Resolution 3D Surface Construction Algorithm,,title_abstract,-0.9189383776799364
art_5717c1be794c,hash:1018c8a77d2a,0,0,True,Artificial Intelligence: A Modern Approach,,title_abstract,-0.8839372195815667
art_58b914bd679f,doi:10.1145/3560816,1,1,True,Blockchain-Based Federated Learning for Securing Internet of Things: A Comprehensive Survey,"The Internet of Things (IoT) ecosystem connects physical devices to the internet, offering significant advantages in agility, responsiveness, and potential environmental benefits. The number and variety of IoT devices are sharply increasing, and as they do, they generate significant data sources. Deep learning (DL) algorithms are increasingly integrated into IoT applications to learn and infer patterns and make intelligent decisions. However, current IoT paradigms rely on centralized storage and computing to operate the DL algorithms. This key central component can potentially cause issues in scalability, security threats, and privacy breaches. Federated learning (FL) has emerged as a new paradigm for DL algorithms to preserve data privacy. Although FL helps reduce privacy leakage by avoiding transferring client data, it still has many challenges related to models’ vulnerabilities and attacks. With the emergence of blockchain and smart contracts, the utilization of these technologies has the potential to safeguard FL across IoT ecosystems. This study aims to review blockchain-based FL methods for securing IoT systems holistically. It presents the current state of research in blockchain, how it can be applied to FL approaches, current IoT security issues, and responses to outline the need to use emerging approaches toward the security and privacy of IoT ecosystems. It also focuses on IoT data analytics from a security perspective and the open research questions. It also provides a thorough literature review of blockchain-based FL approaches for IoT applications. Finally, the challenges and risks associated with integrating blockchain and FL in IoT are discussed to be considered in future works.",title_abstract,0.895397542931856
art_59aeedc913e6,hash:40271320d728,0,0,True,Climate Change 2021: The Physical Science Basis,,title_abstract,-0.9708931401744946
art_5c67c58935be,hash:aa505b3cc830,0,0,True,"Why Nations Fail: The Origins of Power, Prosperity, and Poverty",,title_abstract,-0.9815092073820656
art_5dcade7deecc,hash:5dcade7deecc,0,0,True,Introduction to Algorithms,,title_abstract,-0.9564841107086197
art_5dfe625c158d,hash:5dfe625c158d,0,0,True,Sequence to Sequence Learning with Neural Networks,,title_abstract,-0.8084600439443523
art_5e08b866a97c,hash:b49023ef8ac7,0,0,True,MapReduce: Simplified Data Processing on Large Clusters,,title_abstract,-0.9227398110477574
art_5e2356d0835c,doi:10.3390/healthcare7020056,0,0,True,Blockchain Technology in Healthcare: A Systematic Review,"Since blockchain was introduced through Bitcoin, research has been ongoing to extend its applications to non-financial use cases. Healthcare is one industry in which blockchain is expected to have significant impacts. Research in this area is relatively new but growing rapidly; so, health informatics researchers and practitioners are always struggling to keep pace with research progress in this area. This paper reports on a systematic review of the ongoing research in the application of blockchain technology in healthcare. The research methodology is based on the Preferred Reporting Items for Systematic Reviews and Meta-Analysis (PRISMA) guidelines and a systematic mapping study process, in which a well-designed search protocol is used to search four scientific databases, to identify, extract and analyze all relevant publications. The review shows that a number of studies have proposed different use cases for the application of blockchain in healthcare; however, there is a lack of adequate prototype implementations and studies to characterize the effectiveness of these proposed use cases. The review further highlights the state-of-the-art in the development of blockchain applications for healthcare, their limitations and the areas for future research. To this end, therefore, there is still the need for more research to better understand, characterize and evaluate the utility of blockchain in healthcare.",title_abstract,-0.4971526907359901
art_5e93a5fee35d,hash:1fd1afcb658a,0,0,True,Spark: Cluster Computing with Working Sets,,title_abstract,-0.9011372884996943
art_5f1a5ebf2dba,hash:53faac7b4403,0,0,True,Long Short-Term Memory,,title_abstract,-1.0122134257597475
art_6014f8e9ab04,hash:6014f8e9ab04,0,0,True,A Relational Model of Data for Large Shared Data Banks,,title_abstract,-0.75032731724324
art_601c26bd0080,hash:94706e0189df,0,0,True,Auto-Encoding Variational Bayes,,title_abstract,-0.968699037640199
art_60ada8b1d3ae,hash:e9b4c32c30a4,0,0,True,"Pastry: Scalable, Decentralized Object Location, and Routing for Large-Scale Peer-to-Peer Systems",,title_abstract,-0.930796688329327
art_6200cec1eb96,hash:b0a98f27eabc,0,0,True,The Mythical Man-Month,,title_abstract,-0.9885535527064266
art_688f8165b9f3,hash:688f8165b9f3,0,0,True,Go To Statement Considered Harmful,,title_abstract,-0.8868942327223721
art_6b242da0c524,hash:985731595286,0,0,True,Distinctive Image Features from Scale-Invariant Keypoints,,title_abstract,-0.9769111538102506
art_6c72f9aaf8f9,doi:10.1109/mnet.115.2200014,1,1,True,Blockchain Assisted Federated Learning for Enabling Network Edge Intelligence,"The recently emerging federated learning (FL) exploits massive data stored at multiple user nodes to train a global optimal learning model without leaking the privacy of user data. However, it is still inadequate to learn the global model safely at the centralized aggregator, which is an essential part for the traditional FL architecture. Specifically, when using FL in radio access networks to enable edge intelligence, it is difficult for a central server, which belongs to a third party, to guarantee its credibility. Moreover, because the central server may cause a single point of failure, its reliability is also difficult to guarantee. Besides, a malicious participating node of FL may send ill parameters for model aggregation. In this article, we develop a blockchain assisted federated learning (BC-FL) framework, with aim to overcome the single point of failure caused by central server. Meanwhile, we propose to use blockchain to implement auditing of individual involved nodes to ensure the reliability of learning process. To avoid privacy leakage during the audit process to the greatest extent, we design a matching audit mechanism to realize efficient random matching audit process. A cryptocurrency free delegated byzantine fault tolerant (CF-DBFT) consensus mechanism is also designed to realize the low-latency distributed consensus of all nodes in the FL proces. We apply the proposed BC-FL framework to resolve the computing resource allocation problem at the edger servers in MEC network. Simulation results demonstrate the effectiveness and performance superiority of the proposed BC-FL framework. Compared with legacy FL algorithm, the serving time of MEC servers and utilization of computing resource are increased by 35 percent and 48 percent respectively under our proposed BC-FL algorithm.",title_abstract,0.9402545390290594
art_6d14c13f732f,hash:6d14c13f732f,0,0,True,Generative Adversarial Nets,,title_abstract,-0.9682588030474621
art_6d5b2035eceb,hash:6d5b2035eceb,0,0,True,The Art of Computer Programming,,title_abstract,-0.9980997451116018
art_6e570db167be,doi:10.1109/cyberc.2019.00018,1,1,True,Record and Reward Federated Learning Contributions with Blockchain,"Although Federated Learning allows for participants to contribute their local data without it being revealed, it faces issues in data security and in accurately paying participants for quality data contributions. In this paper, we propose an EOS Blockchain design and workflow to establish data security, a novel validation error based metric upon which we qualify gradient uploads for payment, and implement a small example of our blockchain Federated Learning model to analyze its performance.",title_abstract,0.9193917808111655
art_6f8a021837ce,hash:6f8a021837ce,0,0,True,The Nature of the Firm,,title_abstract,-0.9211502809361408
art_714cfff4ee2c,hash:86d0567f566b,0,0,True,Dropout: A Simple Way to Prevent Neural Networks from Overfitting,,title_abstract,-0.9430632729311219
art_72527a7bb0a0,doi:10.3390/app14209459,1,1,True,Blockchain-Based Federated Learning: A Survey and New Perspectives,"Federated learning, as a novel distributed machine learning mode, enables the training of machine learning models on multiple devices while ensuring data privacy. However, the existence of single-point-of-failure bottlenecks, malicious threats, scalability of federated learning implementation, and lack of incentive mechanisms have seriously hindered the development of federated learning technology. In recent years, as a distributed ledger, blockchain has the characteristics of decentralization, tamper-proof, transparency, security, etc., which can solve the issues encountered in the above-mentioned federated learning. Particularly, the integration of federated learning and blockchain leads to a new paradigm, called blockchain-based federated learning (BFL), which has been successfully applied in many application scenarios. This paper aims to provide a comprehensive review of recent efforts on blockchain-based federated learning. More concretely, we propose and design a taxonomy of blockchain-based federated learning models, along with providing a comprehensive summary of the state of the art. Various applications of federated learning based on blockchain are introduced. Finally, we expand on current trends and provide new perspectives pertaining to this new and exciting development in the field.",title_abstract,0.951713952090612
art_7451a2d16562,hash:7451a2d16562,0,0,True,Structure and Interpretation of Computer Programs,,title_abstract,-1.0764817510280917
art_7580dfe6dec9,hash:df3ec6bb836d,0,0,True,Exokernel: An Operating System Architecture for Application-Level Resource Management,,title_abstract,-0.977116236352556
art_780720ce76be,hash:20d669a5e3f5,0,0,True,Computer Architecture: A Quantitative Approach,,title_abstract,-0.9233027607207585
art_78933c569cdd,hash:1a83965b742e,0,0,True,Pinocchio: Nearly Practical Verifiable Computation,,title_abstract,-0.9300388326492425
art_7aa6bd5007cb,hash:53309b7f5f5f,0,0,True,Visible Learning: A Synthesis of Over 800 Meta-Analyses Relating to Achievement,,title_abstract,-0.9213021465176917
art_7c4692c7831d,doi:10.1109/access.2020.3021253,1,1,True,Blockchain-Based Federated Learning for Intelligent Control in Heavy Haul Railway,"Due to the long train marshaling and complex line conditions, the operating modes in heavy haul rail systems frequently change when trains travel. Improper traction or braking operation made by drivers will increase the longitudinal impact force to trains and causes the train decoupling, severely affecting the safe operations of trains. It is quite desirable to replace the manual control with intelligent control in heavy haul rail systems. Traditional machine learning-based intelligent control methods suffer from insufficient data. Due to lacking effective incentives and trust, data from different rail lines or operators cannot be shared directly. In this paper, we propose an approach on blockchain-based federated learning to implement asynchronous collaborative machine learning between distributed agents that own data. This method performs distributed machine learning without a trusted central server. The blockchain smart contract is used to realize the management of the entire federated learning. Using the historical driving data collected from real heavy haul rail systems, the learning agent in the federated learning method adopts a support vector machine (SVM) based intelligent control model. To deal with the imbalanced traction and braking data, we optimize the classic SVM model via assigning different penalty factors to the majority and minority classes. The data set are mapped to a high dimension using kernel functions to make it linearly separable. We construct a mixing kernel function composed of polynomial and radial basis function (RBF) kernel functions, which uses a dynamic weight factor changing with train speeds to improve the model accuracy. The simulation results demonstrate the efficiency and accuracy of our proposed intelligent control method.",title_abstract,0.9556082016396911
art_7d13ff0cc736,hash:7d13ff0cc736,0,0,True,Computer Networks,,title_abstract,-1.0646295932614662
art_7e7d02e0bbc7,hash:80a877a96baa,0,0,True,PipeDream: Fast and Efficient Pipeline Parallel DNN Training,,title_abstract,-1.07238676323603
art_80fffb49b651,hash:1f4e36083b98,0,0,True,Nova: Recursive Zero-Knowledge Arguments from Folding Schemes,,title_abstract,-0.9116699030505929
art_83339b811a15,doi:10.1109/bigdatacongress.2017.85,0,0,True,"An Overview of Blockchain Technology: Architecture, Consensus, and Future Trends","Blockchain, the foundation of Bitcoin, has received extensive attentions recently. Blockchain serves as an immutable ledger which allows transactions take place in a decentralized manner. Blockchain-based applications are springing up, covering numerous fields including financial services, reputation system and Internet of Things (IoT), and so on. However, there are still many challenges of blockchain technology such as scalability and security problems waiting to be overcome. This paper presents a comprehensive overview on blockchain technology. We provide an overview of blockchain architechture firstly and compare some typical consensus algorithms used in different blockchains. Furthermore, technical challenges and recent advances are briefly listed. We also lay out possible future trends for blockchain.",title_abstract,-0.5607781424336313
art_847b918e6b2b,hash:5a7328c78761,0,0,True,PLONK: Permutations over Lagrange-bases for Oecumenical Noninteractive arguments of Knowledge,,title_abstract,-0.9524251737166967
art_87a96ccf30b6,doi:10.48550/arxiv.2206.11641,1,1,True,Advancing Blockchain-based Federated Learning through Verifiable Off-chain Computations,"Federated learning may be subject to both global aggregation attacks and distributed poisoning attacks. Blockchain technology along with incentive and penalty mechanisms have been suggested to counter these. In this paper, we explore verifiable off-chain computations using zero-knowledge proofs as an alternative to incentive and penalty mechanisms in blockchain-based federated learning. In our solution, learning nodes, in addition to their computational duties, act as off-chain provers submitting proofs to attest computational correctness of parameters that can be verified on the blockchain. We demonstrate and evaluate our solution through a health monitoring use case and proof-of-concept implementation leveraging the ZoKrates language and tools for smart contract-based on-chain model management. Our research introduces verifiability of correctness of learning processes, thus advancing blockchain-based federated learning.",title_abstract,0.9094374540085916
art_8b985e0969af,hash:696ef1d82246,0,0,True,Sonic: Zero-Knowledge SNARKs from Linear-Size Universal and Updatable Structured Reference Strings,,title_abstract,-0.9269560741788488
art_8d8745ed2701,doi:10.48550/arxiv.2403.00873,1,1,True,"Blockchain-empowered Federated Learning: Benefits, Challenges, and Solutions","Federated learning (FL) is a distributed machine learning approach that protects user data privacy by training models locally on clients and aggregating them on a parameter server. While effective at preserving privacy, FL systems face limitations such as single points of failure, lack of incentives, and inadequate security. To address these challenges, blockchain technology is integrated into FL systems to provide stronger security, fairness, and scalability. However, blockchain-empowered FL (BC-FL) systems introduce additional demands on network, computing, and storage resources. This survey provides a comprehensive review of recent research on BC-FL systems, analyzing the benefits and challenges associated with blockchain integration. We explore why blockchain is applicable to FL, how it can be implemented, and the challenges and existing solutions for its integration. Additionally, we offer insights on future research directions for the BC-FL system.",title_abstract,0.8970666702001905
art_8dbcc8e93469,doi:10.1145/3190508.3190538,0,0,True,Hyperledger fabric,Fabric is a modular and extensible open-source system for deploying and operating permissioned blockchains and one of the Hyperledger projects hosted by the Linux Foundation (www.hyperledger.org).,title_abstract,-0.8721547170202416
art_8fc6516b4efa,hash:b03f58e6eb0c,0,0,True,GPipe: Efficient Training of Giant Neural Networks using Pipeline Parallelism,,title_abstract,-0.9964045145431125
art_8fe318c831a0,hash:df79cbe58623,0,0,True,Okapi at TREC-3,,title_abstract,-0.9193753342090257
art_90a03d675ae1,doi:10.1109/jiot.2020.3014370,1,1,True,CREAT: Blockchain-Assisted Compression Algorithm of Federated Learning for Content Caching in Edge Computing,"Edge computing architectures can help us quickly process the data collected by Internet of Things (IoT) and caching files to edge nodes can speed up the response speed of IoT devices requesting files. Blockchain architectures can help us ensure the security of data transmitted by IoT. Therefore, we have proposed a system that combines IoT devices, edge nodes, remote cloud, and blockchain. In the system, we designed a new algorithm in which blockchain-assisted compressed algorithm of federated learning is applied for content caching, called CREAT to predict cached files. In the CREAT algorithm, each edge node uses local data to train a model and then uses the model to learn the features of users and files, so as to predict popular files to improve the cache hit rate. In order to ensure the security of edge nodes’ data, we use federated learning (FL) to enable multiple edge nodes to cooperate in training without sharing data. In addition, for the purpose of reducing communication load in FL, we will compress gradients uploaded by edge nodes to reduce the time required for communication. What is more, in order to ensure the security of the data transmitted in the CREAT algorithm, we have incorporated blockchain technology in the algorithm. We design four smart contracts for decentralized entities to record and verify the transactions to ensure the security of data. We used MovieLens data sets for experiments and we can see that CREAT greatly improves the cache hit rate and reduces the time required to upload data.",title_abstract,0.8684705954830653
art_90f90a9eb72d,hash:90f90a9eb72d,0,0,True,Growth in a Time of Debt,,title_abstract,-0.9383766362758111
art_921688f62498,doi:10.1145/3570953,1,1,True,"Blockchain-empowered Federated Learning: Challenges, Solutions, and Future Directions","Federated learning is a privacy-preserving machine learning technique that trains models across multiple devices holding local data samples without exchanging them. There are many challenging issues in federated learning, such as coordinating participants’ activities, arbitrating their benefits, and aggregating models. Most existing solutions employ a centralized approach, in which a trustworthy central authority is needed for coordination. Such an approach incurs many disadvantages, including vulnerability to attacks, lack of credibility, and difficulty in calculating rewards. Recently, blockchain was identified as a potential solution for addressing the abovementioned issues. Extensive research has been conducted, and many approaches, methods, and techniques have been proposed. There is a need for a systematic survey to examine how blockchain can empower federated learning. Although there are many surveys on federated learning, few of them cover blockchain as an enabling technology. This work comprehensively surveys challenges, solutions, and future directions for blockchain-empowered federated learning (BlockFed). First, we identify the critical issues in federated learning and explain why blockchain provides a potential approach to addressing these issues. Second, we categorize existing system models into three classes: decoupled, coupled, and overlapped, according to how the federated learning and blockchain functions are integrated. Then we compare the advantages and disadvantages of these three system models, regard the disadvantages as challenging issues in BlockFed, and investigate corresponding solutions. Finally, we identify and discuss the future directions, including open problems in BlockFed.",title_abstract,0.8861472521352841
art_928da64d96af,hash:76fedf6d0d70,0,0,True,Manufacturing Consent: The Political Economy of the Mass Media,,title_abstract,-0.960646570012442
art_9376ce05417e,hash:701634568781,0,0,True,"Climate Change 2022: Impacts, Adaptation and Vulnerability",,title_abstract,-0.9791921584882193
art_9423a9934a5f,hash:7a4a04ae5d98,0,0,True,Chubby: The Lock Service for Loosely-Coupled Distributed Systems,,title_abstract,-0.8817231779960686
art_94e1d92f5d53,hash:8df080b893d4,0,0,True,Ethereum: A Secure Decentralised Generalised Transaction Ledger,,title_abstract,-0.9189562095518474
art_967379988ab1,hash:40a364cc98e3,0,0,True,Capital in the Twenty-First Century,,title_abstract,-0.8807296925503979
art_969888d858f0,hash:221bf307d7f3,0,0,True,Design Patterns: Elements of Reusable Object-Oriented Software,,title_abstract,-0.9877740031383955
art_96ba5e802b85,hash:c55603dc4ddf,0,0,True,Resilient Distributed Datasets: A Fault-Tolerant Abstraction for In-Memory Cluster Computing,,title_abstract,-0.9193025912382764
art_9976d9e53f10,doi:10.1007/978-3-030-76352-7_20,1,1,True,Decentralized Federated Learning Preserves Model and Data Privacy,"The increasing complexity of IT systems requires solutions, that support operations in case of failure. Therefore, Artificial Intelligence for System Operations (AIOps) is a field of research that is becoming increasingly focused, both in academia and industry. One of the major issues of this area is the lack of access to adequately labeled data, which is majorly due to legal protection regulations or industrial confidentiality. Methods to mitigate this stir from the area of federated learning, whereby no direct access to training data is required. Original approaches utilize a central instance to perform the model synchronization by periodical aggregation of all model parameters. However, there are many scenarios where trained models cannot be published since its either confidential knowledge or training data could be reconstructed from them. Furthermore the central instance needs to be trusted and is a single point of failure. As a solution, we propose a fully decentralized approach, which allows to share knowledge between trained models. Neither original training data nor model parameters need to be transmitted. The concept relies on teacher and student roles that are assigned to the models, whereby students are trained on the output of their teachers via synthetically generated input data. We conduct a case study on log anomaly detection. The results show that an untrained student model, trained on the teachers output reaches comparable F1-scores as the teacher. In addition, we demonstrate that our method allows the synchronization of several models trained on different distinct training data subsets.",title_abstract,0.8926382477217641
art_9a2942c92d30,doi:10.23919/apnoms.2019.8893114,1,1,True,Blockchain-based Node-aware Dynamic Weighting Methods for Improving Federated Learning Performance,"Federated learning (FL) is a decentralized learning method that deviated from the conventional centralized learning. The FL progresses learning locally on each device and gradually improves the learning model through interaction with the central server. However, it can cause network overload because of limited communication bandwidth and the participation of a huge number of users. One of the ways to minimize the network load is for the model to converge rapidly and stably with target learning accuracy. In this paper, we propose blockchain based federated learning scenario. Blockchain can efficiently induce users to participate in learning and can separate each participating user as a `node'. In addition, it can be pursued the integrity, stability, and so on. We consider two types of weights to choose the subset of clients for updating the global model. First, we consider the weight based on local learning accuracy of each client. Second, we consider the weight based on participation frequency of each client. We choose two key performance indicators, learning speed and standard deviation, to compare the performance of our proposed scheme with existing schemes. The simulation results show that our proposed scheme achieves higher stability along with fast convergence time for targeted accuracy compared to others.",title_abstract,0.977472381624087
art_9befc1724850,doi:10.1109/jsen.2021.3076767,1,1,True,Blockchain-Federated-Learning and Deep Learning Models for COVID-19 Detection Using CT Imaging,"With the increase of COVID-19 cases worldwide, an effective way is required to diagnose COVID-19 patients. The primary problem in diagnosing COVID-19 patients is the shortage and reliability of testing kits, due to the quick spread of the virus, medical practitioners are facing difficulty identifying the positive cases. The second real-world problem is to share the data among the hospitals globally while keeping in view the privacy concerns of the organizations. Building a collaborative model and preserving privacy are major concerns for training a global deep learning model. This paper proposes a framework that collects a small amount of data from different sources (various hospitals) and trains a global deep learning model using blockchain based federated learning. Blockchain technology authenticates the data and federated learning trains the model globally while preserving the privacy of the organization. First, we propose a data normalization technique that deals with the heterogeneity of data as the data is gathered from different hospitals having different kinds of CT scanners. Secondly, we use Capsule Network-based segmentation and classification to detect COVID-19 patients. Thirdly, we design a method that can collaboratively train a global model using blockchain technology with federated learning while preserving privacy. Additionally, we collected real-life COVID-19 patients data, which is, open to the research community. The proposed framework can utilize up-to-date data which improves the recognition of computed tomography (CT) images. Finally, our results demonstrate a better performance to detect COVID-19 patients.",title_abstract,0.9241191170205633
art_9e5244faca36,doi:10.1109/jiot.2022.3171926,1,1,True,A Blockchain-Based Model Migration Approach for Secure and Sustainable Federated Learning in IoT Systems,"Model migration can accelerate model convergence during federated learning on the Internet of Things (IoT) devices and reduce training costs by transferring feature extractors from fast to slow devices, which, in turn, enables sustainable computing. However, malicious or lazy devices may migrate the fake models or resist sharing models for their benefit, reducing the desired efficiency and reliability of a federated learning system. To this end, this work presents a blockchain-based model migration approach for resource-constrained IoT systems. The proposed approach aims to achieve secure model migration and speed up model training while minimizing computation cost. We first develop an incentive mechanism considering the economic benefits of fast devices, which breaks the Nash equilibrium established by lazy devices and encourages capable devices to train and share models. Second, we design a clustering-based algorithm for identifying malicious devices and preventing them from defrauding incentives. Third, we use blockchain to ensure trustworthiness in model migration and incentive processes. Blockchain records the interaction between the central server and IoT devices and runs the incentive algorithm without exposing the devices’ private data. Theoretical analysis and experimental results show that the proposed approach can accelerate federated learning rates, reduce model training computation costs to increase sustainability, and resist malicious attacks.",title_abstract,0.9707313786920168
art_9ef51e48bc83,hash:9ef51e48bc83,0,0,True,Random Early Detection Gateways for Congestion Avoidance,,title_abstract,-0.9991325182182149
art_9f5a574f6c8a,hash:d850ec4300c0,0,0,True,Mask R-CNN,,title_abstract,-0.9666052131034126
art_a0cc3a3cac4a,hash:d2ab5ff56a42,0,0,True,CNTK: Microsoft's Open-Source Deep-Learning Toolkit,,title_abstract,-0.9226714230539165
art_a1931610d61f,doi:10.48550/arxiv.1808.03949,1,1,True,Blockchained On-Device Federated Learning,"By leveraging blockchain, this letter proposes a blockchained federated learning (BlockFL) architecture where local learning model updates are exchanged and verified. This enables on-device machine learning without any centralized training data or coordination by utilizing a consensus mechanism in blockchain. Moreover, we analyze an end-to-end latency model of BlockFL and characterize the optimal block generation rate by considering communication, computation, and consensus delays.",title_abstract,0.8304384782819033
art_a4aa1e665f38,hash:b4be5eabe406,0,0,True,TCP Vegas: End to End Congestion Avoidance on a Global Internet,,title_abstract,-0.8511271168291425
art_a6ec79178f41,doi:10.1109/tii.2022.3189170,1,1,True,Cloud-IIoT-Based Electronic Health Record Privacy-Preserving by CNN and Blockchain-Enabled Federated Learning,"Industrial cloud computing and Internet of Things have transformed the healthcare industry with the rapid growth of distributed healthcare data. Security and privacy of healthcare data are crucial challenges in the healthcare industry. This article proposes a novel technique using deep learning and blockchain techniques for electronic health record privacy-preservation. The processed dataset classified normal and abnormal users using the convolutional neural network approach. Then, by using blockchain integrated with a cryptography-based federated learning module, the abnormal users have been processed and removed from the database along with the accessibility for the health records. The simulation has been done in the Python tool and experimental results show that the model’s classification results and performance are better than other existing techniques.",title_abstract,0.8787798423175551
art_a79bdef0edda,doi:10.1109/tdsc.2019.2952332,1,1,True,DeepChain: Auditable and Privacy-Preserving Deep Learning with Blockchain-based Incentive,"Deep learning can achieve higher accuracy than traditional machine learning algorithms in a variety of machine learning tasks. Recently, privacy-preserving deep learning has drawn tremendous attention from information security community, in which neither training data nor the training model is expected to be exposed. Federated learning is a popular learning mechanism, where multiple parties upload local gradients to a server and the server updates model parameters with the collected gradients. However, there are many security problems neglected in federated learning, for example, the participants may behave incorrectly in gradient collecting or parameter updating, and the server may be malicious as well. In this article, we present a distributed, secure, and fair deep learning framework named DeepChain to solve these problems. DeepChain provides a value-driven incentive mechanism based on Blockchain to force the participants to behave correctly. Meanwhile, DeepChain guarantees data privacy for each participant and provides auditability for the whole training process. We implement a prototype of DeepChain and conduct experiments on a real dataset for different settings, and the results show that our DeepChain is promising.",title_abstract,0.9395533953888225
art_a7bcaec46c1a,hash:0e86e730d50b,0,0,True,Mindset: The New Psychology of Success,,title_abstract,-0.9468732628914709
art_a8f1fd2657b0,hash:5b769d4f0d71,0,0,True,Cognitive Load During Problem Solving: Effects on Learning,,title_abstract,-0.8655668832702897
art_aa4bbea76b61,hash:ca9260f60bf7,0,0,True,The Logic of Collective Action: Public Goods and the Theory of Groups,,title_abstract,-0.9448358622551875
art_ad0a0690e297,hash:01646feb6aac,0,0,True,Megatron-LM: Training Multi-Billion Parameter Language Models Using Model Parallelism,,title_abstract,-0.7584820936140557
art_ae26986f7a23,hash:ae26986f7a23,0,0,True,Cleavage of structural proteins during the assembly of the head of bacteriophage T4,,title_abstract,-0.9270494642832718
art_ae2d6b1278e9,hash:ae2d6b1278e9,0,0,True,The Problem of Social Cost,,title_abstract,-0.9592716904358158
art_ae66ff53ba29,hash:7fd4c31f19a8,0,0,True,Who Governs? Democracy and Power in an American City,,title_abstract,-0.9140479608204681
art_b0e52d22af31,doi:10.1016/j.ijinfomgt.2020.102199,0,0,True,The state of play of blockchain technology in the financial services sector: A systematic literature review,,title_abstract,-0.9011463777433896
art_b0ed844450ca,hash:1542b9d2cec8,0,0,True,Large-scale cluster management at Google with Borg,,title_abstract,-0.9733296669282863
art_b0fc8a3432f6,hash:c905e90bb404,0,0,True,Prochlo: Strong privacy for analytics in the crowd,,title_abstract,-0.8004072529674197
art_b286df9eb8f2,hash:60a3f58ae946,0,0,True,BytePS: A High Performance and Generic Framework for Distributed DNN Training,,title_abstract,-0.8380234893006708
art_b6ea3df3446b,doi:10.1109/tvt.2020.2973651,1,1,True,Blockchain Empowered Asynchronous Federated Learning for Secure Data Sharing in Internet of Vehicles,"In Internet of Vehicles (IoV), data sharing among vehicles for collaborative analysis can improve the driving experience and service quality. However, the bandwidth, security and privacy issues hinder data providers from participating in the data sharing process. In addition, due to the intermittent and unreliable communications in IoV, the reliability and efficiency of data sharing need to be further enhanced. In this paper, we propose a new architecture based on federated learning to relieve transmission load and address privacy concerns of providers. To enhance the security and reliability of model parameters, we develop a hybrid blockchain architecture which consists of the permissioned blockchain and the local Directed Acyclic Graph (DAG). Moreover, we propose an asynchronous federated learning scheme by adopting Deep Reinforcement Learning (DRL) for node selection to improve the efficiency. The reliability of shared data is also guaranteed by integrating learned models into blockchain and executing a two-stage verification. Numerical results show that the proposed data sharing scheme provides both higher learning accuracy and faster convergence.",title_abstract,0.9289155597731072
art_b6f1ea2bbd64,hash:b6f1ea2bbd64,0,0,True,An Axiomatic Basis for Computer Programming,,title_abstract,-1.0116514925029367
art_b7509e1168c9,doi:10.13052/jwe1540-9589.21414,1,1,True,Federated Learning-Based Privacy Preservation with Blockchain Assistance in IoT 5G Heterogeneous Networks,"In the area where privacy is of greater concern, federated learning,a distributed machine learning strategy for preserving privacy,is widely employed in several privacy concern applications. In the meantime, neural architectures became familiar with deep learning approaches for automatic tuning of the architecture of deep neural networks (DNN). While searching with neural architecture and federated learning has experienced several challenges, optimized neural architecture research in federated learning is extensively on demand. DNN faces numerous issues while training such user privacy and ensuring the integrity of the aggregated results obtained from a server. To provide solutions for the above-mentioned issues, enormous federated learning techniques worked towards preserving privacy and were applied in different situations. Still, it is an open challenge that enables users to verify if the cloud server functions appropriately while ensuring users’ privacy while training. Federated Learning Method is a new way to improve the accuracy and precision, since the previous approach failed to opt the solutions. Here, Elliptical Curve Cryptography with Blockchain-based Federated Learning (ECC-BFL)is proposed to ensure the confidentiality of users’ local gradients while performing federated learning. The parameters such as classification accuracy, running time, Communication overhead, Computation overhead, and transaction speed are considered. The values obtained for these parameters are compared against three standard methods, namely Biparing Method (BM) Homomorphic Cryptosystem (HC), and Multiple Authorities with Attribute-Based Signature scheme (MA-ABS)against proposed Elliptical Curve Cryptography with Blockchain-based Federated Learning (ECC-BFL). As a result, the proposed ECC-BFL achieved 95% of classification accuracy, 65 sec of running time, 76% of communication overhead, 63% of computation overhead, and 92% of transaction speed.",title_abstract,0.9217975094941208
art_b878bd02965a,hash:3354d6bdb1d6,0,0,True,Dremel: Interactive Analysis of Web-Scale Datasets,,title_abstract,-0.9494899458683108
art_b9800429688c,hash:65d1ad6b4e89,0,0,True,Mesos: A Platform for Fine-Grained Resource Sharing in the Data Center,,title_abstract,-0.8699131317192617
art_b9eaf1fdaf5a,hash:b9eaf1fdaf5a,1,1,True,A blockchain based protocol for federated learning,,title_abstract,0.9297991272673812
art_ba5d625f7a9f,hash:ba5d625f7a9f,0,0,True,The Limits to Growth,,title_abstract,-0.8686030931586562
art_ba8041cd62f7,doi:10.1016/j.dcan.2022.05.020,1,1,True,A blockchain based privacy-preserving federated learning scheme for Internet of Vehicles,"The application of artificial intelligence technology in Internet of Vehicles (IoV) has attracted great research interests with the goal of enabling smart transportation and traffic management. Meanwhile, concerns have been raised over the security and privacy of the tons of traffic and vehicle data. In this regard, Federated Learning (FL) with privacy protection features is considered a highly promising solution. However, in the FL process, the server side may take advantage of its dominant role in model aggregation to steal sensitive information of users, while the client side may also upload malicious data to compromise the training of the global model. Most existing privacy-preserving FL schemes in IoV fail to deal with threats from both of these two sides at the same time. In this paper, we propose a Blockchain based Privacy-preserving Federated Learning scheme named BPFL, which uses blockchain as the underlying distributed framework of FL. We improve the Multi-Krum technology and combine it with the homomorphic encryption to achieve ciphertext-level model aggregation and model filtering, which can enable the verifiability of the local models while achieving privacy-preservation. Additionally, we develop a reputation-based incentive mechanism to encourage users in IoV to actively participate in the federated learning and to practice honesty. The security analysis and performance evaluations are conducted to show that the proposed scheme can meet the security requirements and improve the performance of the FL model.",title_abstract,1.0855092972520364
art_bac168fbc375,hash:642af4dd056f,0,0,True,Csmith: A Tool for Random Testing of C Compilers,,title_abstract,-0.9674480542867889
art_bb16a9cd751a,doi:10.48550/arxiv.2109.06667,1,1,True,A Blockchain based Federated Learning for Message Dissemination in Vehicular Networks,"Message exchange among vehicles plays an important role in ensuring road safety. Emergency message dissemination is usually carried out by broadcasting. However, high vehicle density and mobility usually lead to challenges in message dissemination such as broadcasting storm and low probability of packet reception. This paper proposes a federated learning based blockchain-assisted message dissemination solution. Similar to the incentive-based Proof-of-Work consensus in blockchain, vehicles compete to become a relay node (miner) by processing the proposed Proof-of-Federated-Learning (PoFL) consensus which is embedded in the smart contract of blockchain. Both theoretical and practical analysis of the proposed solution are provided. Specifically, the proposed blockchain based federated learning results in more number of vehicles uploading their models in a given time, which can potentially lead to a more accurate model in less time as compared to the same solution without using blockchain. It also outperforms the other blockchain approaches for message dissemination by reducing 65.2% of time delay in consensus, improving at least 8.2% message delivery rate and preserving privacy of neighbor vehicle more efficiently. The economic model to incentivize vehicles participating in federated learning and message dissemination is further analyzed using Stackelberg game model.",title_abstract,0.9225277004603244
art_bc06d99eba66,hash:1ac97b8e8dbe,0,0,True,GossipGraD: Scalable Deep Learning using Gossip Communication based Asynchronous Gradient Descent,,title_abstract,-0.8287382645567472
art_beee0ec22031,doi:10.1109/jiot.2019.2920987,0,0,True,Blockchain for Internet of Things: A Survey,"Internet of Things (IoT) is reshaping the incumbent industry to smart industry featured with data-driven decision-making. However, intrinsic features of IoT result in a number of challenges, such as decentralization, poor interoperability, privacy, and security vulnerabilities. Blockchain technology brings the opportunities in addressing the challenges of IoT. In this paper, we investigate the integration of blockchain technology with IoT. We name such synthesis of blockchain and IoT as blockchain of things (BCoT). This paper presents an in-depth survey of BCoT and discusses the insights of this new paradigm. In particular, we first briefly introduce IoT and discuss the challenges of IoT. Then, we give an overview of blockchain technology. We next concentrate on introducing the convergence of blockchain and IoT and presenting the proposal of BCoT architecture. We further discuss the issues about using blockchain for fifth generation beyond in IoT as well as industrial applications of BCoT. Finally, we outline the open research directions in this promising area.",title_abstract,-0.4701996209652766
art_bfb30acb9791,hash:f7571c7aa170,0,0,True,CompCert: A Formally Verified Optimizing C Compiler,,title_abstract,-0.933982779751824
art_c08f0209ec4a,hash:d9ab50db4e72,0,0,True,Colonial Origins of Comparative Development: An Empirical Investigation,,title_abstract,-0.9617357204448841
art_c17b1d5e884b,doi:10.1007/s10462-022-10271-9,1,1,True,Securing federated learning with blockchain: a systematic literature review,"Federated learning (FL) is a promising framework for distributed machine learning that trains models without sharing local data while protecting privacy. FL exploits the concept of collaborative learning and builds privacy-preserving models. Nevertheless, the integral features of FL are fraught with problems, such as the disclosure of private information, the unreliability of uploading model parameters to the server, the communication cost, etc. Blockchain, as a decentralized technology, is able to improve the performance of FL without requiring a centralized server and also solves the above problems. In this paper, a systematic literature review on the integration of Blockchain in federated learning was considered with the analysis of the existing FL problems that can be compensated. Through carefully screening, most relevant studies are included and research questions cover the potential security and privacy attacks in traditional federated learning that can be solved by blockchain as well as the characteristics of Blockchain-based FL. In addition, the latest Blockchain-based approaches to federated learning have been studied in-depth in terms of security and privacy, records and rewards, and verification and accountability. Furthermore, open issues related to the combination of Blockchain and FL are discussed. Finally, future research directions for the robust development of Blockchain-based FL systems are proposed.",title_abstract,0.9851077849407407
art_c31fb79ba4dd,hash:affb86c24280,0,0,True,"How People Learn: Brain, Mind, Experience, and School",,title_abstract,-0.9351302887351315
art_c6a5f7f7f19d,hash:ccd2fab2ada6,0,0,True,Climate Change 2023: Synthesis Report,,title_abstract,-1.0586122818103139
art_c75a0f2719c6,doi:10.1016/j.vehcom.2020.100249,0,0,True,Applications of blockchain in unmanned aerial vehicles: A review,,title_abstract,-0.7881107433243122
art_c77480ddb3d3,doi:10.48550/arxiv.2306.01603,1,1,True,Decentralized Federated Learning: A Survey and Perspective,"Federated learning (FL) has been gaining attention for its ability to share knowledge while maintaining user data, protecting privacy, increasing learning efficiency, and reducing communication overhead. Decentralized FL (DFL) is a decentralized network architecture that eliminates the need for a central server in contrast to centralized FL (CFL). DFL enables direct communication between clients, resulting in significant savings in communication resources. In this paper, a comprehensive survey and profound perspective are provided for DFL. First, a review of the methodology, challenges, and variants of CFL is conducted, laying the background of DFL. Then, a systematic and detailed perspective on DFL is introduced, including iteration order, communication protocols, network topologies, paradigm proposals, and temporal variability. Next, based on the definition of DFL, several extended variants and categorizations are proposed with state-of-the-art (SOTA) technologies. Lastly, in addition to summarizing the current challenges in the DFL, some possible solutions and future research directions are also discussed.",title_abstract,0.8555588895538705
art_cb3c7e14ef8a,doi:10.1109/itsc45102.2020.9294263,1,1,True,A Blockchain-based Model Sharing and Calculation Method for Urban Rail Intelligent Driving Systems,"In urban rail transit systems, the intelligent driving system is gradually replacing manual driving for its high safety, punctuality, and stopping accuracy. With the development of big data analytics, the data-driven intelligent driving system becomes a research focus. Traditional datadriven intelligent driving systems suffer from inadequate data. Due to lacking effective incentives and trust, data from different urban rail operators cannot be shared directly. In this paper, we propose a framework that uses blockchain technology to realize sharing and collaborative training of intelligent driving models between operators. In this framework, we use blockchain-based distributed federated reinforcement learning methods to complete intelligent driving calculations. We use smart contracts to implement the management of the entire federal reinforcement learning. Operators use local historical data to participate in intelligent driving training based on Q-network by exchanging encrypted model parameters, and optimize the safety distance, energy consumption, and punctuality of urban rail transit systems. Simulation results show that our proposed distributed federated reinforcement learning method can significantly improve the intelligent driving system performance.",title_abstract,0.869369931244924
art_ceb83012a119,doi:10.1007/978-3-642-54631-0_18,0,0,True,Scale-Invariant Fully Homomorphic Encryption over the Integers,,title_abstract,-1.0876953906676958
art_cec83eadfd8f,hash:462ace454684,0,0,True,Bitcoin-NG: A Scalable Blockchain Protocol,,title_abstract,-0.9701185380454189
art_d0143dac99c0,hash:416d2c5ccfa9,0,0,True,How Learning Works: Seven Research-Based Principles for Smart Teaching,,title_abstract,-0.769993495000259
art_d06079841de5,hash:a227204a51f0,0,0,True,Deep Gradient Compression: Reducing the Communication Bandwidth for Distributed Training,,title_abstract,-0.8877115490229406
art_d0fb7361c4f4,hash:d0fb7361c4f4,0,0,True,Decentralized Parallel Stochastic Gradient Descent,,title_abstract,-1.0137597687477926
art_d217dbcea082,doi:10.3390/s23177476,1,1,True,Empowering Precision Medicine: Unlocking Revolutionary Insights through Blockchain-Enabled Federated Learning and Electronic Medical Records,"Precision medicine has emerged as a transformative approach to healthcare, aiming to deliver personalized treatments and therapies tailored to individual patients. However, the realization of precision medicine relies heavily on the availability of comprehensive and diverse medical data. In this context, blockchain-enabled federated learning, coupled with electronic medical records (EMRs), presents a groundbreaking solution to unlock revolutionary insights in precision medicine. This abstract explores the potential of blockchain technology to empower precision medicine by enabling secure and decentralized data sharing and analysis. By leveraging blockchain's immutability, transparency, and cryptographic protocols, federated learning can be conducted on distributed EMR datasets without compromising patient privacy. The integration of blockchain technology ensures data integrity, traceability, and consent management, thereby addressing critical concerns associated with data privacy and security. Through the federated learning paradigm, healthcare institutions and research organizations can collaboratively train machine learning models on locally stored EMR data, without the need for data centralization. The blockchain acts as a decentralized ledger, securely recording the training process and aggregating model updates while preserving data privacy at its source. This approach allows the discovery of patterns, correlations, and novel insights across a wide range of medical conditions and patient populations. By unlocking revolutionary insights through blockchain-enabled federated learning and EMRs, precision medicine can revolutionize healthcare delivery. This paradigm shift has the potential to improve diagnosis accuracy, optimize treatment plans, identify subpopulations for clinical trials, and expedite the development of novel therapies. Furthermore, the transparent and auditable nature of blockchain technology enhances trust among stakeholders, enabling greater collaboration, data sharing, and collective intelligence in the pursuit of advancing precision medicine. In conclusion, this abstract highlights the transformative potential of blockchain-enabled federated learning in empowering precision medicine. By unlocking revolutionary insights from diverse and distributed EMR datasets, this approach paves the way for a future where healthcare is personalized, efficient, and tailored to the unique needs of each patient.",title_abstract,0.8968810519159324
art_d3fbb40148ec,doi:10.1007/978-3-030-86340-1_29,1,1,True,A Blockchain Based Decentralized Gradient Aggregation Design for Federated Learning,,title_abstract,0.9000746404748522
art_d46e5c4c7e54,hash:d46e5c4c7e54,0,0,True,The Datacenter as a Computer,,title_abstract,-0.9217752858252561
art_d7b9c4776607,doi:10.1109/mnet.011.2000604,1,1,True,Byzantine Resistant Secure Blockchained Federated Learning at the Edge,"The emerging blockchained federated learning, known for its security properties such as decentralization, immutability and traceability, is evolving into an important direction of next-generation AI. With the booming edge computing technologies, blockchained federated learning can take advantage of computing, communication and storage resources geo-distributed at the edge, so that blockchained federated learning can gather edge intelligence from more widely distributed devices more efficiently. However, untrustworthy devices at the edge also bring serious security threats, namely byzantine attacks. Existing solutions focus on selecting local models that are most likely to be honest, rather than detecting byzantine models and identifying attackers, because verifying each local model separately brings intolerable verification delay. In this paper, we propose a byzantine resistant secure blockchained federated learning framework named BytoChain. BytoChain improves the efficiency of model verification by introducing verifiers to execute heavy verification workflows in parallel, and detects byzantine attacks through a byzantine resistant consensus Proof-of-Accuracy (PoA). We analyze how BytoChain can mitigate five types of attacks, and demonstrate its effectiveness by simulations. Finally, we envision some open issues about security, including attacks on privacy, confidentiality, and backdoors.",title_abstract,0.8896175807148182
art_d9232a6729e2,hash:7e2a6b273a60,0,0,True,"Omega: Flexible, Scalable Schedulers for Large Compute Clusters",,title_abstract,-1.1551873083417123
art_d9a60ab5e33d,hash:90ceea86b060,0,0,True,U-Net: Convolutional Networks for Biomedical Image Segmentation,,title_abstract,-0.9604902629075309
art_db0abd089c15,hash:db0abd089c15,0,0,True,Pedagogy of the Oppressed,,title_abstract,-0.873464390809277
art_db47e69c149a,doi:10.1016/j.dcan.2022.05.006,1,1,True,A blockchain-based audit approach for encrypted data in federated learning,"The development of data-driven artificial intelligence technology has given birth to a variety of big data applications. Data has become an essential factor to improve these applications. Federated learning, a privacy-preserving machine learning method, is proposed to leverage data from different data owners. It is typically used in conjunction with cryptographic methods, in which data owners train the global model by sharing encrypted model updates. However, data encryption makes it difficult to identify the quality of these model updates. Malicious data owners may launch attacks such as data poisoning and free-riding. To defend against such attacks, it is necessary to find an approach to audit encrypted model updates. In this paper, we propose a blockchain-based audit approach for encrypted gradients. It uses a behavior chain to record the encrypted gradients from data owners, and an audit chain to evaluate the gradients’ quality. Specifically, we propose a privacy-preserving homomorphic noise mechanism in which the noise of each gradient sums to zero after aggregation, ensuring the availability of aggregated gradient. In addition, we design a joint audit algorithm that can locate malicious data owners without decrypting individual gradients. Through security analysis and experimental evaluation, we demonstrate that our approach can defend against malicious gradient attacks in federated learning.",title_abstract,0.9424201808092935
art_db894aedbbde,hash:db894aedbbde,0,0,True,Deep Residual Learning for Image Recognition,,title_abstract,-0.9512797473285335
art_db950ebb9743,hash:3da9040c3b6a,0,0,True,D-PSGD: Decentralized Parallel Stochastic Gradient Descent,,title_abstract,-1.0104976442407576
art_dbb067bfee54,hash:dbb067bfee54,0,0,True,Neural Machine Translation by Jointly Learning to Align and Translate,,title_abstract,-0.7610997388832337
art_df2d0f3d1860,doi:10.1109/aiiot54504.2022.9817205,1,1,True,PPIoV: A Privacy Preserving-Based Framework for IoV- Fog Environment Using Federated Learning and Blockchain,"The integration of the Internet-of-Vehicles (IoV) and fog computing benefits from cooperative computing and analysis of environmental data while avoiding network congestion and latency. However, when private data is shared across fog nodes or the cloud, there exist privacy issues that limit the effectiveness of IoV systems, putting drivers' safety at risk. To address this problem, we propose a framework called PPIoV, which is based on Federated Learning (FL) and Blockchain technologies to preserve the privacy of vehicles in IoV.Typical machine learning methods are not well suited for distributed and highly dynamic systems like IoV since they train on data with local features. Therefore, we use FL to train the global model while preserving privacy. Also, our approach is built on a scheme that evaluates the reliability of vehicles participating in the FL training process. Moreover, PPIoV is built on blockchain to establish trust across multiple communication nodes. For example, when the local learned model updates from the vehicles and fog nodes are communicated with the cloud to update the global learned model, all transactions take place on the blockchain. The outcome of our experimental study shows that the proposed method improves the global model's accuracy as a result of allowing reputed vehicles to update the global model.",title_abstract,0.9409983537166825
art_df735da45410,hash:526adc57c62c,0,0,True,Batch Normalization: Accelerating Deep Network Training by Reducing Internal Covariate Shift,,title_abstract,-0.8667124451196294
art_e26f0ce509db,hash:c439d757cf4e,0,0,True,TensorFlow: A System for Large-Scale Machine Learning,,title_abstract,-1.0452302142146828
art_e444f8cf0ccb,hash:be3f60efb46e,0,0,True,Hallmarks of Cancer: The Next Generation,,title_abstract,-0.9712005358613326
art_e51154e32b95,hash:7849f4f8628c,0,0,True,Clean Code: A Handbook of Agile Software Craftsmanship,,title_abstract,-0.9835850454760413
art_e5c9ef31857b,hash:9b1e5b0ab3fb,0,0,True,The Civic Culture: Political Attitudes and Democracy in Five Nations,,title_abstract,-0.9284218546740324
art_e6a6c4caf1ca,hash:8941c94169c5,0,0,True,Corda: An Introduction,,title_abstract,-1.0542467619659335
art_e7865f257f63,hash:21108c1856ee,0,0,True,"Taxonomy of Educational Objectives: The Classification of Educational Goals, Handbook I: Cognitive Domain",,title_abstract,-0.9774930455402485
art_e91263774eb6,hash:77d1a60eef01,0,0,True,SINGA: Putting Deep Learning in the Hands of Multimedia Users,,title_abstract,-0.8282410373654991
art_ea0aad481b14,doi:10.1145/1536414.1536440,0,0,True,Fully homomorphic encryption using ideal lattices,"We propose a fully homomorphic encryption scheme -- i.e., a scheme that allows one to evaluate circuits over encrypted data without being able to decrypt. Our solution comes in three steps. First, we provide a general result -- that, to construct an encryption scheme that permits evaluation of arbitrary circuits, it suffices to construct an encryption scheme that can evaluate (slightly augmented versions of) its own decryption circuit; we call a scheme that can evaluate its (augmented) decryption circuit bootstrappable.",title_abstract,-0.6775315238980028
art_ea83715e02ae,hash:ea83715e02ae,0,0,True,The Design Philosophy of the DARPA Internet Protocols,,title_abstract,-0.8638478833891183
art_eb96565803c8,hash:eb96565803c8,0,0,True,The End of History and the Last Man,,title_abstract,-0.9173399430412437
art_ec4fc06e18c6,hash:4b8997a73bb3,0,0,True,Split Learning for Health: Distributed Deep Learning without Sharing Raw Patient Data,,title_abstract,-0.8400215837801361
art_ecd181d4e9e2,doi:10.48550/arxiv.2009.09338,1,1,True,When Federated Learning Meets Blockchain: A New Distributed Learning Paradigm,"Motivated by the explosive computing capabilities at end user equipments, as well as the growing privacy concerns over sharing sensitive raw data, a new machine learning paradigm, named federated learning (FL) has emerged. By training models locally at each client and aggregating learning models at a central server, FL has the capability to avoid sharing data directly, thereby reducing privacy leakage. However, the traditional FL framework heavily relies on a single central server and may fall apart if such a server behaves maliciously. To address this single point of failure issue, this work investigates a blockchain assisted decentralized FL (BLADE-FL) framework, which can well prevent the malicious clients from poisoning the learning process, and further provides a self-motivated and reliable learning environment for clients. In detail, the model aggregation process is fully decentralized and the tasks of training for FL and mining for blockchain are integrated into each participant. In addition, we investigate the unique issues in this framework and provide analytical and experimental results to shed light on possible solutions.",title_abstract,0.9364225480795344
art_ed3da6dba2ea,hash:c9234dd4e0e9,0,0,True,AD-PSGD: Asynchronous Decentralized Parallel Stochastic Gradient Descent,,title_abstract,-1.0190602153251274
art_ee6996897ded,doi:10.1109/tits.2020.3002712,1,1,True,A Hierarchical Blockchain-Enabled Federated Learning Algorithm for Knowledge Sharing in Internet of Vehicles,"Internet of Vehicles (IoVs) is highly characterized by collaborative environment data sensing, computing and processing. Emerging Big Data and Artificial Intelligence (AI) technologies show significant advantages and efficiency for knowledge sharing among intelligent vehicles. However, it is challenging to guarantee the security and privacy of knowledge during the sharing process. Moreover, conventional AI-based algorithms cannot work properly in distributed vehicular networks. In this paper, a hierarchical blockchain framework and a hierarchical federated learning algorithm are proposed for knowledge sharing, by which vehicles learn environmental data through machine learning methods and share the learning knowledge with each others. The proposed hierarchical blockchain framework is feasible for the large scale vehicular networks. The hierarchical federated learning algorithm is designed to meet the distributed pattern and privacy requirement of IoVs. Knowledge sharing is then modeled as a trading market process to stimulate sharing behaviours, and the trading process is formulated as a multi-leader and multi-player game. Simulation results show that the proposed hierarchical algorithm can improve the sharing efficiency and learning quality. Furthermore, the blockchain-enabled framework is able to deal with certain malicious attacks effectively.",title_abstract,0.8926530842508046
art_ee88ab724ab3,hash:deb1d04de04a,0,0,True,U-Shaped Split Learning for Diagnostics and Its Security Implications,,title_abstract,-0.9337076961668022
art_f255c8ec5f62,hash:47c4dab1b2da,0,0,True,Horovod: fast and easy distributed deep learning in TensorFlow,,title_abstract,-0.932570926877821
art_f2df6d88624d,hash:f2df6d88624d,0,0,True,The Strength of Weak Ties,,title_abstract,-0.894264925818505
art_f4200010957b,doi:10.1109/jiot.2022.3162499,1,1,True,A Redactable Blockchain Framework for Secure Federated Learning in Industrial Internet of Things,"Industrial Internet of Things (IIoT) facilitate private data collecting via (a broad range of) sensors, and the analysis of such data can inform decision making at different levels. Federated learning (FL) can be used to analyze the collected data, in privacy-preserving manner by transmitting model updates instead of private data in IIoT networks. The FL framework is, however, vulnerable because model updates are easily tampered with by malicious agents. Motivated by this observation, we propose a novel chameleon hash scheme with a changeable trapdoor (CHCT) for secure FL in IIoT settings. Our scheme imposes various constraints on the use of trapdoor. We give a rigorous security analysis on our CHCT scheme. We also instantiate the CHCT scheme as a redactable medical blockchain (RMB). The experimental evaluations demonstrate the practical utility of CHCT in terms of accuracy and efficiency.",title_abstract,0.8734467381853676
art_f54c81be378e,hash:01d0537a27b0,1,1,True,FL-MAB: client selection and monetization for blockchain-based federated learning,,title_abstract,0.9009878639734147
art_f7c057d920ff,hash:93e60ac800ca,0,0,True,Narwhal and Tusk: A DAG-based Mempool and Efficient BFT Consensus,,title_abstract,-0.865371222358377
art_faf5bb8da506,hash:faf5bb8da506,0,0,True,Plate Tectonics and Crustal Evolution,,title_abstract,-0.7338521058360389
art_fb43bfff6de9,doi:10.48550/arxiv.1906.10893,1,1,True,Privacy-Preserving Blockchain-Based Federated Learning for IoT Devices,"Home appliance manufacturers strive to obtain feedback from users to improve their products and services to build a smart home system. To help manufacturers develop a smart home system, we design a federated learning (FL) system leveraging the reputation mechanism to assist home appliance manufacturers to train a machine learning model based on customers' data. Then, manufacturers can predict customers' requirements and consumption behaviors in the future. The working flow of the system includes two stages: in the first stage, customers train the initial model provided by the manufacturer using both the mobile phone and the mobile edge computing (MEC) server. Customers collect data from various home appliances using phones, and then they download and train the initial model with their local data. After deriving local models, customers sign on their models and send them to the blockchain. In case customers or manufacturers are malicious, we use the blockchain to replace the centralized aggregator in the traditional FL system. Since records on the blockchain are untampered, malicious customers or manufacturers' activities are traceable. In the second stage, manufacturers select customers or organizations as miners for calculating the averaged model using received models from customers. By the end of the crowdsourcing task, one of the miners, who is selected as the temporary leader, uploads the model to the blockchain. To protect customers' privacy and improve the test accuracy, we enforce differential privacy on the extracted features and propose a new normalization technique. We experimentally demonstrate that our normalization technique outperforms batch normalization when features are under differential privacy protection. In addition, to attract more customers to participate in the crowdsourcing FL task, we design an incentive mechanism to award participants.",title_abstract,0.9509517635822181
art_fb867b2a0a4d,hash:71794a8102bc,0,0,True,Can Decentralized Algorithms Outperform Centralized Algorithms? A Case Study for Decentralized Parallel Stochastic Gradient Descent,,title_abstract,-0.8814614360594388
art_fbbf336f8b6e,doi:10.1109/bcca50787.2020.9274451,1,1,True,Chain FL: Decentralized Federated Machine Learning via Blockchain,"Federated learning is a collaborative machine learning mechanism that allows multiple parties to develop a model without sharing the training data. It is a promising mechanism since it empowers collaboration in fields such as medicine and banking where data sharing is not favorable due to legal, technical, ethical, or safety issues without significantly sacrificing accuracy. In centralized federated learning, there is a single central server, and hence it has a single point of failure. Unlike centralized federated learning, decentralized federated learning does not depend on a single central server for the updates. In this paper, we propose a decentralized federated learning approach named Chain FL that makes use of the blockchain to delegate the responsibility of storing the model to the nodes on the network instead of a centralized server. Chain FL produced promising results on the MNIST digit recognition task with a maximum 0.20% accuracy decrease, and on the CIFAR-10 image classification task with a maximum of 2.57% accuracy decrease as compared to non-FL counterparts.",title_abstract,0.9774680325274713
art_fc680939f94f,doi:10.1109/mwc.01.1900525,1,1,True,A Secure Federated Learning Framework for 5G Networks,"Federated learning (FL) has recently been proposed as an emerging paradigm to build machine learning models using distributed training datasets that are locally stored and maintained on different devices in 5G networks while providing privacy preservation for participants. In FL, the central aggregator accumulates local updates uploaded by participants to update a global model. However, there are two critical security threats: poisoning and membership inference attacks. These attacks may be carried out by malicious or unreliable participants, resulting in the construction failure of global models or privacy leakage of FL models. Therefore, it is crucial for FL to develop security means of defense. In this article, we propose a blockchain-based secure FL framework to create smart contracts and prevent malicious or unreliable participants from being involved in FL. In doing so, the central aggregator recognizes malicious and unreliable participants by automatically executing smart contracts to defend against poisoning attacks. Further, we use local differential privacy techniques to prevent membership inference attacks. Numerical results suggest that the proposed framework can effectively deter poisoning and membership inference attacks, thereby improving the security of FL in 5G networks.",title_abstract,0.9401472642157086
art_fcc1ed10a6b6,hash:798d7d628068,0,0,True,Gazelle: A Low Latency Framework for Secure Neural Network Inference,,title_abstract,-0.8639114659764364
art_fd706a991e34,hash:b6ef03868eb3,0,0,True,Bulletproofs: Short Proofs for Confidential Transactions and More,,title_abstract,-0.9149443890408405
art_fd8e6856b820,doi:10.3390/app11031010,1,1,True,Towards Blockchain-Based Federated Machine Learning: Smart Contract for Model Inference,"Federated learning is a branch of machine learning where a shared model is created in a decentralized and privacy-preserving fashion, but existing approaches using blockchain are limited by tailored models. We consider the possibility to extend a set of supported models by introducing the oracle service and exploring the usability of blockchain-based architecture. The investigated architecture combines an oracle service with a Hyperledger Fabric chaincode. We compared two logistic regression implementations in Go language—a pure chaincode and an oracle service—at various data (2–32 k instances) and network (3–13 peers) sizes. Experiments were run to assess the performance of blockchain-based model inference using 2D synthetic and EEG eye state datasets for a supervised machine learning detection task. The benchmarking results showed that the impact on performance is acceptable with the median overhead of oracle service reaching 2–4%, depending on the dimensionality of the dataset. The overhead tends to diminish at large dataset sizes with the runtime depending on the network size linearly, where additional peers increased the runtime by 6.3 and 6.6 s for 2D and EEG datasets, respectively. Demonstrated negligible difference between implementations justifies the flexible choice of model in the blockchain-based federated learning and other machine learning applications.",title_abstract,0.8670063118113992
art_ff213ddc5f67,hash:bdf0ffb94834,0,0,True,The Anatomy of a Large-Scale Hypertextual Web Search Engine,,title_abstract,-1.1539294870750567
art_ff53a76338ea,doi:10.1109/blockchain50366.2020.00080,1,1,True,Blockchain-orchestrated machine learning for privacy preserving federated learning in electronic health data,"Machine learning and blockchain technology have been explored for potential applications in medicine with only modest success to date. Focus has shifted to exploring the intersection of these technologies along with other privacy preserving encryption techniques for better utility. This combination applied to federated learning, which allows remote execution of function and analysis without the need to move highly regulated personal health information, seems to be the key to successful applications of these technologies to rapidly advance evidence-based medicine. We give a brief history of these technologies in medicine, outlining some of the challenges with successful use. We then explore a more detailed combination of usage with an emphasis on decentralizing or federating the learning process along with auditability and incentivization blockchain can allow in the machine learning process. Based on the cost-benefit analysis of previous efforts, we provide the framework for an advanced blockchain-orchestrated machine learning system for privacy preserving federated learning in medicine and a new utility in health. Six critical elements for this approach in the future will be:(a) Data and analytic processes discoverable on secure public blockchain while retaining privacy of the data and analytic processes(b) Value fabricated by generating data/compute matches that were previously illegal, unethical and infeasible(c) Compute guarantees provided by federated learning and advanced cryptography(d) Privacy guarantees provided by software (e.g., Homomorphic Encryption, Secure Multi-Party Computation, ...) and hardware (e.g., Intel SGX and AMD SEV-SNP) cryptography(e) Data quality incentivized via tokenized reputation-based rewards(f) Discarding of poor data accomplished via model poisoning attack prevention techniques.",title_abstract,0.8784311857476358
art_ff70b5c29f49,hash:3f93ecb95a35,0,0,True,Molecular Structure of Nucleic Acids: A Structure for Deoxyribose Nucleic Acid,,title_abstract,-0.9848263302747162
